{
  "eng": {
    "signup": "Sign up to WAITLIST",
    "people": ["People", "in line"],
    "p": [
      "Only those who enters the project before anyone else can get in investment projects on smart contracts with the greatest profit.",
      "Sign up to waitlist to be the first to know about the smart-contract’s opening date and get the instructions",
      "Input email or telegram"
    ],
    "flying": {
      "ty": "Thank you for participating!",
      "turnon": "Turn on browser notifications and check your email and Telegram!"
    },
    "agree": [
      "I agree to receive newsletters.",
      "I agree with",
      "Terms and Conditions and Privacy Policy."
    ]
  },
  "rus": {
    "signup": "Запись в WAITLIST",
    "people": ["Людей", "в очереди"],
    "p": [
      "В инвестиционных проектах на смарт-контрактах с наибольшим профитом оказывается тот, кто раньше всех вошел в проект.",
      "Запишись в waitlist, чтобы раньше всех узнать о времени открытия смарт-контракта и получи инструкцию.",
      "Введите свой e-mail или telegram"
    ],
    "flying": {
      "ty": "Поздравляем! Теперь вы в списке первых, кто узнает о дате и времени открытия смарт-контракта",
      "turnon": "Разрешите присылать вам уведомления, проверяйте почту и Telegram!"
    },
    "agree": [
      "Я согласен на получение новостных рассылок.",
      "Я согласен с",
      "условиями и политикой конфиденциальности."
    ]
  }
}
