{
  "eng": {
    "terms": "Terms and Conditions and Privacy Policy",
    "arr": "All Rights Reserved",
    "games": "GetGames",
    "reach": "We are here",
    "featured": "About us",
    "block4": "FYI",
    "tchat": "https://t.me/GetETH_EN",
    "tchan": "https://t.me/Get_ETH_EN",
    "dis": "https://discord.gg/zaz7NRW"
  },
  "rus": {
    "terms": "Условия и политика конфиденциальности",
    "arr": "Все права защищены",
    "games": "Игры",
    "reach": "Найдите нас",
    "featured": "О нас",
    "block4": "FYI",
    "tchat": "https://t.me/GetETH_RUS",
    "tchan": "https://t.me/Get_ETH_RU",
    "dis": "https://discord.gg/zExNSQy"
  }
}
